id,role,studioRole,picture,name,lastName,homePhone,cellPhone,workPhone,email,addres,city,state,zip,birthday,spouseGuardian,sgPhone,sgCellPhone,startDate,dueDate,taiChiStartDate,taiChiDueDate,studio,taiChiStudio,program,longTermProgram,TaiChiProgram,lessonType,TaiChiLessonType,rank,TaiChiRank,rankDate,TaiChiRankDate,status,taiChiStatus,studentID,ice1,ice1Phone,ice1CellPhone,ice2,ice2Phone,ice2CellPhone,ice3,ice3Phone,ice3CellPhone,un,pw,passwordTimeStamp,passwordKey,notes
,student,1,,Aaron ,Grieff,623-376-9647,,,ajgrieff@gmail.com,7418 W. Tina Ln,Glendale,AZ,85310,25048,,,,,,,,1,1,3,1,1,1,4,12,12,41640,41640,0,0,,,,,,,,,,,Aaron Grieff,123,,,
,student,1,,Aaron,Henderson,623-362-9659,,,aaron_henderson@cox.net,20716 N. 57th Ave.,Glendale,AZ,85308,33780,,,,,,,,1,1,2,1,6,1,1,7,0,41640,41640,0,1,,,,,,,,,,,AaronHenderson,123,,,
,student,1,,Adam,Alexander,602-374-2403,,,adam_20123@hotmail.com,4201 W Union Hills Drive Apt#3022,Glendale,AZ,85038,30941,,,,,,,,1,1,2,1,5,1,1,10,0,41640,41640,0,1,,,,,,,,,,,AdamAlexander,123,,,
,student,1,,Aden,Pennock,623-703-9011,,,jpennock@pusdll.org,22821 N 32nd Lane,Phoenix,AZ,85027,38952,,,,,,,,1,1,2,1,6,1,1,25,0,41640,41640,0,1,,,,,,,,,,,AdenPennock,123,,,
,student,1,,Aidan,Mancilla,623-694-9109,,,mgmancilla@yahoo.com,12814 W Evans Dr,El Mirage,AZ,85335,38303,,,,,,,,1,1,2,1,6,1,1,25,0,41640,41640,0,1,,,,,,,,,,,AidanMancilla,123,,,
,student,1,,Aleksander,Madsen,602-703-0405,,,glendalestudio@shaolinarts.com,2941 W Redfield Rd,Phoenix,AZ,85053,39281,,,,,,,,1,1,2,1,6,1,1,24,0,41640,41640,0,1,,,,,,,,,,,AleksanderMadsen,123,,,
,student,1,,Alexis,Caywood,623-445-0189,,,gabwjc@gmail.com,3402 W Topeka,Pheonix,AZ,85027,37454,,,,,,,,1,1,2,1,6,1,1,25,0,41640,41640,0,1,,,,,,,,,,,AlexisCaywood,123,,,
,student,1,,Amy,Enloe,602-571-5331,,,misspjmarie@hotmail.com,3545 W Cholla St,Phoenix,AZ,85029,30659,,,,,,,,1,1,2,1,6,1,3,9,0,41640,41640,0,1,,,,,,,,,,,AmyEnloe,123,,,
,student,1,,Amy,Sansing,623-218-7905,,,whosuremama@yahoo.com,3624 W Irma Ln,Glendale,AZ,85308,25503,,,,,,,,1,1,2,1,6,1,1,2,0,41640,41640,0,1,,,,,,,,,,,AmySansing,123,,,
,student,1,,Annika,Pitts,623-399-9944,,,glendalestudio@shaolinarts.com,19114 N 78th Lane,Glendale,AZ,85308,39219,,,,,,,,1,1,2,1,5,1,1,24,0,41640,41640,0,1,,,,,,,,,,,AnnikaPitts,123,,,
,student,1,,Ashmit,Basu,602-606-7679,,,basu_anidya@yahoo.com,2929 W Yorkshire Drive # 1017,Phoenix,AZ,85027,39567,,,,,,,,1,1,2,1,6,1,1,24,0,41640,41640,0,1,,,,,,,,,,,AshmitBasu,123,,,
,student,1,,Benjamin,Hall,602-481-6048,,,behall@gmail.com,4759 Wahalla Ln,Glendale,AZ,85308,29858,,,,,,,,1,1,2,1,6,1,2,2,0,41640,41640,0,1,,,,,,,,,,,BenjaminHall,123,,,
,student,1,,Brian,Nickelson,602-383-4734,,,glendalestudio@shaolinarts.com,2902 W Sweetwater #3154,Phoenix,AZ,85029,32454,,,,,,,,1,1,2,1,6,1,3,12,0,41640,41640,0,1,,,,,,,,,,,BrianNickelson,123,,,
,student,1,,Cameron,Dunn,602-703-7095,,,audiodunde@gmail.com,19802 N 47th Lane,Glendale,AZ,85306,28597,,,,,,,,1,1,2,1,6,1,1,2,0,41640,41640,0,1,,,,,,,,,,,CameronDunn,123,,,
,student,1,,Chris,Hentz,602-472-8224,,,glendalestudio@shaolinarts.com,13824 N 42nd Dr,Phoenix,AZ,85053,30362,,,,,,,,1,1,2,1,6,1,1,3,0,41640,41640,0,1,,,,,,,,,,,ChrisHentz,123,,,
,student,1,,Christina,Sansing,623-0218-7905,,,glendalestudio@shaolinarts.com,3624 W Irma Ln,Glendale,AZ,85308,37118,,,,,,,,1,1,2,1,6,1,1,25,0,41640,41640,0,1,,,,,,,,,,,ChristinaSansing,123,,,
,student,1,,Christine,Caron,623-518-6276,,,pnutkiss@cox.net,3707 W Runion Dr,Glendale,AZ,85308,24879,,,,,,,,1,1,3,1,6,1,4,12,0,41640,41640,0,0,,,,,,,,,,,ChristineCaron,123,,,
,student,1,,Christy,Jacks,904-537-6893,,,jacks.christina@gmail.com,20250 N 67th Ave Apt# 2183,Glendale,AZ,85308,29039,,,,,,,,1,1,2,1,6,1,1,8,0,41640,41640,0,1,,,,,,,,,,,ChristyJacks,123,,,
,student,1,,Christy,Sluiter,602-425-0796,,,cynthiasluiter@gmail.com,7174 W Pontiac Dr,Glendale,AZ,85308,35676,,,,,,,,1,1,2,1,6,1,1,2,0,41640,41640,0,1,,,,,,,,,,,ChristySluiter,123,,,
,student,1,,Cris,Garcia,602-467-0690,,,cgarcia@nlets.org,4642 W Libby St.,Glendale,AZ,85308,26603,,,,,,,,1,1,2,1,6,1,1,6,0,41640,41640,0,1,,,,,,,,,,,CrisGarcia,123,,,
,student,1,,Curtis,Henderson,623-362-9659,,,cwheddoc@cox.net,20716 N 57th Ave,Glendael,AZ,85308,18764,,,,,,,,1,1,1,1,6,1,1,23,0,41640,41640,1,0,,,,,,,,,,,CurtisHenderson,123,,,
,student,1,,Danielle,Wilson,602-481-7073,,,daniellemwilson7@aol.com,13824 N 42nd Dr,Phoenix,AZ,85053,31730,,,,,,,,1,1,2,1,6,1,1,3,0,41640,41640,0,1,,,,,,,,,,,DanielleWilson,123,,,
,student,1,,David,Coronado,480-228-4655,,,earthsdisorder@yahoo.com,2946 W Redfield Rd,Phoenix,AZ,85053,28940,,,,,,,,1,1,2,1,6,1,3,11,0,41640,41640,0,1,,,,,,,,,,,DavidCoronado,123,,,
,student,1,,Dmytro,Iziumskyi,480-285-4423,,,ldimaster@gmail.com,5901 W Behrend Dr.,Glendale,AZ,85308,28376,,,,,,,,1,1,2,1,6,1,1,5,0,41640,41640,0,1,,,,,,,,,,,DmytroIziumskyi,123,,,
,student,1,,Don,Greenwalt,623-933-1934,,,don_greenwalt@hotmail.com,12826 W. Crocus Dr.,El Mirage,AZ,85335,21112,,,,,,,,1,1,3,1,6,1,4,14,0,41640,41640,0,0,,,,,,,,,,,DonGreenwalt,123,,,
,student,1,,Erik,Flodin,602-615-4597,,,focusone@cox.net,6207 W Donald Dr,Glendale,AZ,85310,19044,,,,,,,,1,1,1,1,6,1,1,24,0,41640,41640,1,0,,,,,,,,,,,ErikFlodin,123,,,
,student,1,,Ethan,Mancilla,623-694-9109,,,glendalestudio@shaolinarts.com,12814 W Evans Dr,El Mirage,AZ,85335,39415,,,,,,,,1,1,2,1,6,1,1,24,0,41640,41640,0,1,,,,,,,,,,,EthanMancilla,123,,,
,student,1,,Eva,O'farrell,480-430-6890,,,glendalestudio@shaolinarts.com,4702 W Villa Maria Dr,Glendale,AZ,85029,38635,,,,,,,,1,1,2,1,6,1,1,25,0,41640,41640,0,1,,,,,,,,,,,EvaO'farrell,123,,,
,student,1,,Frank,Fox,623-418-6780,,,frank.fox.jr@gmail.com,3519 W Grovers Ave,Glendale,AZ,85308,29532,,,,,,,,1,1,2,1,6,1,1,4,0,41640,41640,0,1,,,,,,,,,,,FrankFox,123,,,
,student,1,,Frank,McGough,602-639-0641,,,famcgough@hotmail,3353 W Potter Dr.,Phoenix,AZ,85027,29013,,,,,,,,1,1,2,1,6,1,1,7,0,41640,41640,0,1,,,,,,,,,,,FrankMcGough,123,,,
,student,1,,Fred,Garcia,602-467-0690,,,cgarcia@nlrts.org,4642 W Libby St.,Glendale,AZ,85308,27065,,,,,,,,1,1,2,1,6,1,1,11,0,41640,41640,0,1,,,,,,,,,,,FredGarcia,123,,,
,student,1,,Gavyn,Solper,719-440-1569,,,glendalestudio@shaolinarts.com,3021 W Paradice Lane,Phoenix,AZ,85053,38013,,,,,,,,1,1,2,1,6,1,1,25,0,41640,41640,0,1,,,,,,,,,,,GavynSolper,123,,,
,student,1,,Glade,Erickson,623-434-1355,,,derikson3@cox.net,4424 W Escuda Dr,Glendale,AZ,85308,24352,,,,,,,,1,1,2,1,6,1,1,3,0,41640,41640,0,1,,,,,,,,,,,GladeErickson,123,,,
,student,1,,Gorgan,Nadzakovic,602-361-8085,,,glendalestudio@shaolinarts.com,18238 N 34th Ln,Phoenix,AZ,85053,20702,,,,,,,,1,1,1,1,6,1,1,23,0,41640,41640,1,0,,,,,,,,,,,GorganNadzakovic,123,,,
,student,1,,Gregg,Houterloot,602-430-8356,,,ghouterloot@gmail.com,2410 W Aloe Vera Dr,Phoenix,AZ,85085,25443,,,,,,,,1,1,2,1,6,1,1,2,0,41640,41640,0,1,,,,,,,,,,,GreggHouterloot,123,,,
,student,1,,James,Freel,480-656-5496,,,jtdiamondbacks@yahoo.com,862 N Sicily Dr,Chandler,AZ,85226,33429,,,,,,,,1,1,2,1,6,1,1,8,0,41640,41640,0,1,,,,,,,,,,,JamesFreel,123,,,
,student,1,,Jason,Jensen,623-846-0449,,,glendalestudio@shaolinarts.com,7737 W Medlock Dr,Glendale,AZ,85303,29346,,,,,,,,1,1,2,1,6,1,1,9,0,41640,41640,0,1,,,,,,,,,,,JasonJensen,123,,,
,student,1,,Jill,Bennett,623-328-7438,,,jill.bennett@hdrinc.com,4815 W Park View,Glendale,AZ,85310,25838,,,,,,,,1,1,2,1,6,1,3,10,0,41640,41640,0,1,,,,,,,,,,,JillBennett,123,,,
,student,1,,Jim,Geisbush,623-328-7438,,,jgeisbush@cap-az.com,4815 W Park View Ave,Glendale,AZ,85310,24280,,,,,,,,1,1,3,1,1,1,4,12,0,41640,41640,0,0,,,,,,,,,,,JimGeisbush,123,,,
,student,1,,Joe,Nadeau,623-362-2661,,,Joe.nadeau@asu.edu,7940 W. Louise Dr,Peoria,AZ,85383,19206,,,,,,,,1,1,2,1,6,1,3,11,0,41640,41640,0,1,,,,,,,,,,,JoeNadeau,123,,,
,student,1,,John,Jensen,602-942-5996,,,jandsjensen21@cox.net,3202 W. Joan De Arc,Phoenix,AZ,85029,18324,,,,,,,,1,1,2,1,6,1,3,11,0,41640,41640,0,1,,,,,,,,,,,JohnJensen,123,,,
,student,1,,Jonathan,Patrick,623-297-3234,,,jpatrick75@gmail.com,2222W Beardsley Ave Apt 2058,Phoenix,AZ,85310,27576,,,,,,,,1,1,2,1,6,1,1,3,0,41640,41640,0,1,,,,,,,,,,,JonathanPatrick,123,,,
,student,1,,Jordis,Solper,719-440-1569,,,glendalestudio@shaolinarts.com,3021 W Paradice Lane,Phoenix,AZ,85053,39809,,,,,,,,1,1,2,1,6,1,1,24,0,41640,41640,0,1,,,,,,,,,,,JordisSolper,123,,,
,student,1,,Josette,Andrson,623-810-6999,,,hausdrachen72@hotmail.com,3735 W Bryce Way,Anthem,AZ,85086,26651,,,,,,,,1,1,2,1,6,1,1,8,0,41640,41640,0,1,,,,,,,,,,,JosetteAndrson,123,,,
,student,1,,Josh,Spaulding,602-370-3051,,,jlspaulding1@gmail.com,4921 W Villa Maria Dr.,Glendale,AZ,85308,32345,,,,,,,,1,1,2,1,6,1,1,11,0,41640,41640,0,1,,,,,,,,,,,JoshSpaulding,123,,,
,student,1,,Josue,Martinez,323-304-7277,,,soulpirate91@,4811 W Verde Mall Dr,Glendale,AZ,85306,33568,,,,,,,,1,1,2,1,6,1,1,5,0,41640,41640,0,1,,,,,,,,,,,JosueMartinez,123,,,
,student,1,,Juanita,Villegas,623-561-0217,,,juanita9267@yahoo.com,6901 W Utopia Rd,Glendale,AZ,85308,24680,,,,,,,,1,1,2,1,6,1,3,7,0,41640,41640,0,1,,,,,,,,,,,JuanitaVillegas,123,,,
